{"train loss": 0.003305, "epoch": 361, "train_noiselev": 0.1, "_timestamp": 1727601696.4984994, "_runtime": 485.9867033958435, "_step": 7580, "learning rate": 7.8125e-06, "val_score": 0.315, "noise_score": 0.9373983144760132, "_wandb": {"runtime": 485}}