{"train loss": 0.250687, "epoch": 1, "train_noiselev": 0.1, "_timestamp": 1728278045.413405, "_runtime": 12.853734016418457, "_step": 19, "_wandb": {"runtime": 12}}