{"train loss": 0.197824, "epoch": 1, "train_noiselev": 0.1, "_timestamp": 1725261068.5464587, "_runtime": 11.464196681976318, "_step": 19, "_wandb": {"runtime": 10}}