{"train loss": 0.0048, "epoch": 1, "train_noiselev": 0.030000000000000006, "_timestamp": 1728987035.2312112, "_runtime": 45.74395513534546, "_step": 592, "_wandb": {"runtime": 45}}