{"train loss": 0.040161, "epoch": 37, "train_noiselev": 0.1, "_timestamp": 1727600223.2639234, "_runtime": 60.568400382995605, "_step": 776, "learning rate": 7.8125e-06, "val_score": 1, "noise_score": 0.9387784004211426, "_wandb": {"runtime": 59}}