{"train loss": 0.253694, "epoch": 1, "train_noiselev": 0.1, "_timestamp": 1725266240.91967, "_runtime": 11.556421041488647, "_step": 19, "_wandb": {"runtime": 11}}