{"train loss": 0.007945, "epoch": 244, "train_noiselev": 0.1, "_timestamp": 1727610733.3313713, "_runtime": 331.9373962879181, "_step": 5123, "learning rate": 7.8125e-06, "val_score": 0.3378, "noise_score": 0.9387755990028381, "_wandb": {"runtime": 331}}