{"train loss": 0.220616, "epoch": 1, "train_noiselev": 0.1, "_timestamp": 1725265788.3698514, "_runtime": 12.957425355911255, "_step": 19, "_wandb": {"runtime": 12}}