{"train loss": 0.003425, "epoch": 336, "train_noiselev": 0.1, "_timestamp": 1727597663.9549766, "_runtime": 457.00380063056946, "_step": 7055, "learning rate": 7.8125e-06, "val_score": 0.3147, "noise_score": 0.9384405612945557, "_wandb": {"runtime": 456}}