{"train loss": 1.49172, "epoch": 37, "train_noiselev": 0.1, "_timestamp": 1727596205.692262, "_runtime": 60.09505891799927, "_step": 776, "learning rate": 7.8125e-06, "val_score": 1, "noise_score": 0.9383497834205627, "_wandb": {"runtime": 59}}