{"train loss": 0.259975, "epoch": 37, "train_noiselev": 0.1, "_timestamp": 1727691568.2175636, "_runtime": 58.69233274459839, "_step": 776, "learning rate": 7.8125e-06, "val_score": 1, "noise_score": 0.938604474067688, "_wandb": {"runtime": 58}}