{"train loss": 0.265305, "epoch": 37, "train_noiselev": 0.1, "_timestamp": 1727594243.4659295, "_runtime": 60.76043248176575, "_step": 776, "learning rate": 7.8125e-06, "val_score": 1, "noise_score": 0.9373160600662231, "_wandb": {"runtime": 60}}