{"train loss": 0.025869, "epoch": 1, "train_noiselev": 0.1, "_timestamp": 1726537499.2552686, "_runtime": 11.457735538482666, "_step": 19, "_wandb": {"runtime": 11}}