{"train loss": 0.091204, "epoch": 1, "train_noiselev": 0.1, "_timestamp": 1725260461.9709358, "_runtime": 14.0308198928833, "_step": 19, "_wandb": {"runtime": 13}}