{"train loss": 0.00645, "epoch": 1, "train_noiselev": 0.030000000000000006, "_timestamp": 1728277904.26261, "_runtime": 46.613383054733276, "_step": 592, "_wandb": {"runtime": 46}}