{"train loss": 0.107846, "epoch": 1, "train_noiselev": 0.1, "_timestamp": 1725266008.3006082, "_runtime": 11.663681268692017, "_step": 19, "_wandb": {"runtime": 11}}