{"train loss": 1.298231, "epoch": 37, "train_noiselev": 0.1, "_timestamp": 1727689066.0987744, "_runtime": 58.09939432144165, "_step": 776, "learning rate": 7.8125e-06, "val_score": 1, "noise_score": 0.938379168510437, "_wandb": {"runtime": 57}}