{"train loss": 0.037404, "epoch": 41, "train_noiselev": 0.1, "_timestamp": 1727686640.0485094, "_runtime": 73.52951240539551, "_step": 860, "learning rate": 7.8125e-06, "val_score": 1, "noise_score": 0.9376620650291443, "_wandb": {"runtime": 73}}