{"train loss": 0.214848, "epoch": 1, "train_noiselev": 0.1, "_timestamp": 1725266133.5281084, "_runtime": 11.639143466949463, "_step": 19, "_wandb": {"runtime": 11}}