{"train loss": 0.254846, "epoch": 37, "train_noiselev": 0.1, "_timestamp": 1727691644.769185, "_runtime": 60.3222770690918, "_step": 776, "learning rate": 7.8125e-06, "val_score": 1, "noise_score": 0.9380027651786804, "_wandb": {"runtime": 58}}