{"train loss": 0.259967, "epoch": 37, "train_noiselev": 0.1, "_timestamp": 1727610342.7349212, "_runtime": 60.95170831680298, "_step": 776, "learning rate": 7.8125e-06, "val_score": 1, "noise_score": 0.9374955296516418, "_wandb": {"runtime": 60}}