{"train loss": 0.050356, "epoch": 47, "train_noiselev": 0.1, "_timestamp": 1727689287.8479362, "_runtime": 72.47561526298523, "_step": 986, "learning rate": 7.8125e-06, "val_score": 1, "noise_score": 0.9387772083282471, "_wandb": {"runtime": 71}}