{"train loss": 0.248752, "epoch": 1, "train_noiselev": 0.1, "_timestamp": 1725266770.3280156, "_runtime": 13.206451654434204, "_step": 19, "_wandb": {"runtime": 12}}