{"train loss": 0.150735, "epoch": 1, "train_noiselev": 0.030000000000000006, "_timestamp": 1728283143.5287485, "_runtime": 17.145244598388672, "_step": 592, "_wandb": {"runtime": 16}}