{"train loss": 0.25419, "epoch": 1, "train_noiselev": 0.1, "_timestamp": 1725265877.387278, "_runtime": 12.011136054992676, "_step": 19, "_wandb": {"runtime": 11}}