{"train loss": 0.250988, "epoch": 1, "train_noiselev": 0.1, "_timestamp": 1726535896.7477493, "_runtime": 12.938688278198242, "_step": 19, "_wandb": {"runtime": 12}}